metric,r,p_value
Pearson,0.8809758967918877,5.3763813008160474e-48
Spearman,0.7546071885580621,9.162673539827004e-28
