class,mean_p_target_human,mean_p_target_model,overlap_at_5,overlap_at_10,overlap_at_20,overlap_at_50,overlap_at_100,weighted_overlap_at_5,weighted_overlap_at_10,weighted_overlap_at_20,weighted_overlap_at_50,weighted_overlap_at_100,description,n_contexts
C1,0.38758836646349176,0.030565166932774904,0.1413802911647739,0.2061106365769375,0.3225458638076193,0.4323987561840226,0.557564930135463,0.2157829039432122,0.29824866874880673,0.4472199995594623,0.624635654914079,0.7372745880708862,both hit,33
C2,0.12636163820563784,0.0,0.031912208056372814,0.0615781640810245,0.11604432189328506,0.1844976419879947,0.2797844233056394,0.07163753253658584,0.13022743103767037,0.19638863692872266,0.24631794394369638,0.3417826328121076,only humans,23
C3,0.0,0.002070577621121797,0.08563248263076736,0.16709981461267912,0.2127544744182823,0.3386203371623612,0.42508619644125645,0.14512119189071937,0.319856566651471,0.39003701301320953,0.5715900343141684,0.6261325509268303,only model,11
C4,0.0,0.0,0.054759240406660546,0.11692624843195741,0.17775466352764394,0.2823773116995281,0.37666698805118615,0.09073371015782397,0.16938649023099908,0.24466554792529688,0.37955365829040094,0.4805854548310501,neither,77
