metric,r,p_value
Pearson,0.43735976419805217,4.224631152419388e-08
Spearman,0.57854476554746,3.0937420832266805e-14
