stat,value
count,144.0
mean,2.1813978857130554
std,0.8398833357953444
min,-0.0
25%,1.691483613289692
50%,2.2644044543162645
75%,2.7130455137317044
max,3.773491171556661
skewness,-0.396944110864327
kurtosis,-0.16521298407607254
